Id,IsDeleted,MasterRecordId,AccountId,LastName,FirstName,Salutation,Name,OtherStreet,OtherCity,OtherState,OtherPostalCode,OtherCountry,OtherLatitude,OtherLongitude,OtherGeocodeAccuracy,OtherAddress,MailingStreet,MailingCity,MailingState,MailingPostalCode,MailingCountry,MailingLatitude,MailingLongitude,MailingGeocodeAccuracy,MailingAddress,Phone,Fax,MobilePhone,HomePhone,OtherPhone,AssistantPhone,ReportsToId,Email,Title,Department,AssistantName,LeadSource,Birthdate,Description,OwnerId,CreatedDate,CreatedById,LastModifiedDate,LastModifiedById,SystemModstamp,LastActivityDate,LastCURequestDate,LastCUUpdateDate,LastViewedDate,LastReferencedDate,EmailBouncedReason,EmailBouncedDate,IsEmailBounced,PhotoUrl,Jigsaw,JigsawContactId,CleanStatus,IndividualId,Username__c
0032100000mcV9TAAU,,,0012100000lErC2AAK,Dunleavy,Curtis,,Curtis Dunleavy,22655 Fairfield Rd,St Augusta,MN,56301,USA,,,,"{""city"":""St Augusta"",""country"":""USA"",""geocodeAccuracy"":null,""latitude"":null,""longitude"":null,""postalCode"":""56301"",""state"":""MN"",""street"":""22655 Fairfield Rd""}",22655 Fairfield Rd,St Augusta,MN,56301,USA,,,,"{""city"":""St Augusta"",""country"":""USA"",""geocodeAccuracy"":null,""latitude"":null,""longitude"":null,""postalCode"":""56301"",""state"":""MN"",""street"":""22655 Fairfield Rd""}",(555) 809-7571,,(555) 854-5459,(555) 767-9571,,,,curtis.dunleavy@example.com,,,,Phone Inquiry,1958-12-04,,00521000003HEFmAAO,2019-11-16T23:51:42.000+0000,00521000003HEFmAAO,2019-11-16T23:51:42.000+0000,00521000003HEFmAAO,2019-11-16T23:51:42.000+0000,,,,2019-11-16T23:51:43.000+0000,2019-11-16T23:51:43.000+0000,,,,/services/images/photo/0032100000mcV9TAAU,,,Pending,,curtis.dunleavy
0032100000mcV9UAAU,,,0012100000lErC3AAK,Cairone,Omar,,Omar Cairone,1335 Madison St NE,Salem,OR,97301,USA,,,,"{""city"":""Salem"",""country"":""USA"",""geocodeAccuracy"":null,""latitude"":null,""longitude"":null,""postalCode"":""97301"",""state"":""OR"",""street"":""1335 Madison St NE""}",1335 Madison St NE,Salem,OR,97301,USA,,,,"{""city"":""Salem"",""country"":""USA"",""geocodeAccuracy"":null,""latitude"":null,""longitude"":null,""postalCode"":""97301"",""state"":""OR"",""street"":""1335 Madison St NE""}",(555) 473-4875,,(555) 932-1934,(555) 214-5054,,,,omar.cairone@example.com,,,,Phone Inquiry,1995-05-17,,00521000003HEFmAAO,2019-11-16T23:51:42.000+0000,00521000003HEFmAAO,2019-11-16T23:51:42.000+0000,00521000003HEFmAAO,2019-11-16T23:51:42.000+0000,,,,2019-11-16T23:51:43.000+0000,2019-11-16T23:51:43.000+0000,,,,/services/images/photo/0032100000mcV9UAAU,,,Pending,,omar.cairone
0032100000mcV9VAAU,,,0012100000lErC4AAK,Fagnani,Leonore,,Leonore Fagnani,23 Browns Lake Road,Helmville,MT,59843,USA,,,,"{""city"":""Helmville"",""country"":""USA"",""geocodeAccuracy"":null,""latitude"":null,""longitude"":null,""postalCode"":""59843"",""state"":""MT"",""street"":""23 Browns Lake Road""}",23 Browns Lake Road,Helmville,MT,59843,USA,,,,"{""city"":""Helmville"",""country"":""USA"",""geocodeAccuracy"":null,""latitude"":null,""longitude"":null,""postalCode"":""59843"",""state"":""MT"",""street"":""23 Browns Lake Road""}",(555) 793-3262,,(555) 280-6701,(555) 692-4241,,,,leonore.fagnani@example.com,,,,Phone Inquiry,1992-03-26,,00521000003HEFmAAO,2019-11-16T23:51:42.000+0000,00521000003HEFmAAO,2019-11-16T23:51:42.000+0000,00521000003HEFmAAO,2019-11-16T23:51:42.000+0000,,,,2019-11-16T23:51:43.000+0000,2019-11-16T23:51:43.000+0000,,,,/services/images/photo/0032100000mcV9VAAU,,,Pending,,leonore.fagnani
0032100000mcV9WAAU,,,0012100000lErC5AAK,Soucier,Ngan,,Ngan Soucier,1012 Grand River Dr NE,Ada,MI,49301,USA,,,,"{""city"":""Ada"",""country"":""USA"",""geocodeAccuracy"":null,""latitude"":null,""longitude"":null,""postalCode"":""49301"",""state"":""MI"",""street"":""1012 Grand River Dr NE""}",1012 Grand River Dr NE,Ada,MI,49301,USA,,,,"{""city"":""Ada"",""country"":""USA"",""geocodeAccuracy"":null,""latitude"":null,""longitude"":null,""postalCode"":""49301"",""state"":""MI"",""street"":""1012 Grand River Dr NE""}",(555) 781-1362,,(555) 111-4594,(555) 392-8117,,,,ngan.soucier@example.com,,,,Partner Referral,1951-08-12,,00521000003HEFmAAO,2019-11-16T23:51:42.000+0000,00521000003HEFmAAO,2019-11-16T23:51:42.000+0000,00521000003HEFmAAO,2019-11-16T23:51:42.000+0000,,,,2019-11-16T23:51:43.000+0000,2019-11-16T23:51:43.000+0000,,,,/services/images/photo/0032100000mcV9WAAU,,,Pending,,ngan.soucier
0032100000mcV9XAAU,,,0012100000lErC6AAK,Koogler,Merlene,,Merlene Koogler,658 Gibraltar Ct,Milpitas,CA,95035,USA,,,,"{""city"":""Milpitas"",""country"":""USA"",""geocodeAccuracy"":null,""latitude"":null,""longitude"":null,""postalCode"":""95035"",""state"":""CA"",""street"":""658 Gibraltar Ct""}",658 Gibraltar Ct,Milpitas,CA,95035,USA,,,,"{""city"":""Milpitas"",""country"":""USA"",""geocodeAccuracy"":null,""latitude"":null,""longitude"":null,""postalCode"":""95035"",""state"":""CA"",""street"":""658 Gibraltar Ct""}",(555) 823-8402,,(555) 266-8211,(555) 977-1182,,,,merlene.koogler@example.com,,,,Partner Referral,1965-01-04,,00521000003HEFmAAO,2019-11-16T23:51:42.000+0000,00521000003HEFmAAO,2019-11-16T23:51:42.000+0000,00521000003HEFmAAO,2019-11-16T23:51:42.000+0000,,,,2019-11-16T23:51:43.000+0000,2019-11-16T23:51:43.000+0000,,,,/services/images/photo/0032100000mcV9XAAU,,,Pending,,merlene.koogler
0032100000mcV9YAAU,,,0012100000lErC7AAK,Pacenta,Elba,,Elba Pacenta,30303 SE Lusted Rd,Gresham,OR,97080,USA,,,,"{""city"":""Gresham"",""country"":""USA"",""geocodeAccuracy"":null,""latitude"":null,""longitude"":null,""postalCode"":""97080"",""state"":""OR"",""street"":""30303 SE Lusted Rd""}",30303 SE Lusted Rd,Gresham,OR,97080,USA,,,,"{""city"":""Gresham"",""country"":""USA"",""geocodeAccuracy"":null,""latitude"":null,""longitude"":null,""postalCode"":""97080"",""state"":""OR"",""street"":""30303 SE Lusted Rd""}",(555) 207-2832,,(555) 407-9239,(555) 593-7493,,,,elba.pacenta@example.com,,,,Partner Referral,2006-04-06,,00521000003HEFmAAO,2019-11-16T23:51:42.000+0000,00521000003HEFmAAO,2019-11-16T23:51:42.000+0000,00521000003HEFmAAO,2019-11-16T23:51:42.000+0000,,,,2019-11-16T23:51:43.000+0000,2019-11-16T23:51:43.000+0000,,,,/services/images/photo/0032100000mcV9YAAU,,,Pending,,elba.pacenta
0032100000mcV9ZAAU,,,0012100000lErC8AAK,Turman,Sook,,Sook Turman,3604 84th St E,Tacoma,WA,98446,USA,,,,"{""city"":""Tacoma"",""country"":""USA"",""geocodeAccuracy"":null,""latitude"":null,""longitude"":null,""postalCode"":""98446"",""state"":""WA"",""street"":""3604 84th St E""}",3604 84th St E,Tacoma,WA,98446,USA,,,,"{""city"":""Tacoma"",""country"":""USA"",""geocodeAccuracy"":null,""latitude"":null,""longitude"":null,""postalCode"":""98446"",""state"":""WA"",""street"":""3604 84th St E""}",(555) 725-2452,,(555) 428-1525,(555) 319-1210,,,,sook.turman@example.com,,,,Partner Referral,1948-05-12,,00521000003HEFmAAO,2019-11-16T23:51:42.000+0000,00521000003HEFmAAO,2019-11-16T23:51:42.000+0000,00521000003HEFmAAO,2019-11-16T23:51:42.000+0000,,,,2019-11-16T23:51:43.000+0000,2019-11-16T23:51:43.000+0000,,,,/services/images/photo/0032100000mcV9ZAAU,,,Pending,,sook.turman
0032100000mcV9bAAE,,,0012100000lErCAAA0,Newkirk,Fannie,,Fannie Newkirk,1335 Madison St NE,Salem,OR,97301,USA,,,,"{""city"":""Salem"",""country"":""USA"",""geocodeAccuracy"":null,""latitude"":null,""longitude"":null,""postalCode"":""97301"",""state"":""OR"",""street"":""1335 Madison St NE""}",1335 Madison St NE,Salem,OR,97301,USA,,,,"{""city"":""Salem"",""country"":""USA"",""geocodeAccuracy"":null,""latitude"":null,""longitude"":null,""postalCode"":""97301"",""state"":""OR"",""street"":""1335 Madison St NE""}",(555) 623-7244,,(555) 491-9734,(555) 906-5484,,,,fannie.newkirk@example.com,,,,Other,2007-01-12,,00521000003HEFmAAO,2019-11-16T23:51:42.000+0000,00521000003HEFmAAO,2019-11-16T23:51:42.000+0000,00521000003HEFmAAO,2019-11-16T23:51:43.000+0000,,,,2019-11-16T23:51:43.000+0000,2019-11-16T23:51:43.000+0000,,,,/services/images/photo/0032100000mcV9bAAE,,,Pending,,fannie.newkirk
0032100000mcV9cAAE,,,0012100000lErCBAA0,Lien,Dan,,Dan Lien,8629 238th Road,Nortonville,KS,66060,USA,,,,"{""city"":""Nortonville"",""country"":""USA"",""geocodeAccuracy"":null,""latitude"":null,""longitude"":null,""postalCode"":""66060"",""state"":""KS"",""street"":""8629 238th Road""}",8629 238th Road,Nortonville,KS,66060,USA,,,,"{""city"":""Nortonville"",""country"":""USA"",""geocodeAccuracy"":null,""latitude"":null,""longitude"":null,""postalCode"":""66060"",""state"":""KS"",""street"":""8629 238th Road""}",(555) 526-6269,,(555) 920-5440,(555) 474-2183,,,,dan.lien@example.com,,,,Partner Referral,1956-11-08,,00521000003HEFmAAO,2019-11-16T23:51:42.000+0000,00521000003HEFmAAO,2019-11-16T23:51:42.000+0000,00521000003HEFmAAO,2019-11-16T23:51:43.000+0000,,,,2019-11-16T23:51:43.000+0000,2019-11-16T23:51:43.000+0000,,,,/services/images/photo/0032100000mcV9cAAE,,,Pending,,dan.lien
0032100000mcV9aAAE,,,0012100000lErC9AAK,Schmeisser,Dalia,,Dalia Schmeisser,112 N El Rancho Rd,Santa Fe,NM,87501,USA,,,,"{""city"":""Santa Fe"",""country"":""USA"",""geocodeAccuracy"":null,""latitude"":null,""longitude"":null,""postalCode"":""87501"",""state"":""NM"",""street"":""112 N El Rancho Rd""}",112 N El Rancho Rd,Santa Fe,NM,87501,USA,,,,"{""city"":""Santa Fe"",""country"":""USA"",""geocodeAccuracy"":null,""latitude"":null,""longitude"":null,""postalCode"":""87501"",""state"":""NM"",""street"":""112 N El Rancho Rd""}",(555) 717-6908,,(555) 196-4439,(555) 839-4278,,,,dalia.schmeisser@example.com,,,,Partner Referral,2001-02-27,,00521000003HEFmAAO,2019-11-16T23:51:42.000+0000,00521000003HEFmAAO,2019-11-16T23:51:42.000+0000,00521000003HEFmAAO,2019-11-16T23:51:42.000+0000,,,,2019-11-16T23:51:43.000+0000,2019-11-16T23:51:43.000+0000,,,,/services/images/photo/0032100000mcV9aAAE,,,Pending,,dalia.schmeisser
0032100000mcV9OAAU,,,0012100000lErCqAAK,Hagans,Jake,,Jake Hagans,12825 East Mirabeau Parkway,Spokane,WA,99216,USA,,,,"{""city"":""Spokane"",""country"":""USA"",""geocodeAccuracy"":null,""latitude"":null,""longitude"":null,""postalCode"":""99216"",""state"":""WA"",""street"":""12825 East Mirabeau Parkway""}",12825 East Mirabeau Parkway,Spokane,WA,99216,USA,,,,"{""city"":""Spokane"",""country"":""USA"",""geocodeAccuracy"":null,""latitude"":null,""longitude"":null,""postalCode"":""99216"",""state"":""WA"",""street"":""12825 East Mirabeau Parkway""}",(555) 921-7622,,(555) 677-9014,(555) 973-9581,,,,jake.hagans@example.com,,,,Phone Inquiry,1996-08-11,,00521000003HEFmAAO,2019-11-16T23:51:42.000+0000,00521000003HEFmAAO,2019-11-16T23:51:42.000+0000,00521000003HEFmAAO,2019-11-16T23:51:42.000+0000,,,,2019-11-16T23:51:42.000+0000,2019-11-16T23:51:42.000+0000,,,,/services/images/photo/0032100000mcV9OAAU,,,Pending,,jakehagans
0032100000mcVAHAA2,,,0012100000lErCvAAK,Karr,Reema,,Reema Karr,4766 E Whitmore Ave,Ceres,CA,95307,USA,,,,"{""city"":""Ceres"",""country"":""USA"",""geocodeAccuracy"":null,""latitude"":null,""longitude"":null,""postalCode"":""95307"",""state"":""CA"",""street"":""4766 E Whitmore Ave""}",4766 E Whitmore Ave,Ceres,CA,95307,USA,,,,"{""city"":""Ceres"",""country"":""USA"",""geocodeAccuracy"":null,""latitude"":null,""longitude"":null,""postalCode"":""95307"",""state"":""CA"",""street"":""4766 E Whitmore Ave""}",(555) 797-8695,,(555) 967-7779,(555) 845-4228,,,,reema.karr@example.com,,,,Web,1960-02-28,,00521000003HEFmAAO,2019-11-16T23:51:45.000+0000,00521000003HEFmAAO,2019-11-16T23:51:45.000+0000,00521000003HEFmAAO,2019-11-16T23:51:45.000+0000,,,,2019-11-16T23:51:45.000+0000,2019-11-16T23:51:45.000+0000,,,,/services/images/photo/0032100000mcVAHAA2,,,Pending,,reemakarr
0032100000mcV9dAAE,,,0012100000lErCCAA0,Knapp,Sabina,,Sabina Knapp,22655 Fairfield Rd,St Augusta,MN,56301,USA,,,,"{""city"":""St Augusta"",""country"":""USA"",""geocodeAccuracy"":null,""latitude"":null,""longitude"":null,""postalCode"":""56301"",""state"":""MN"",""street"":""22655 Fairfield Rd""}",22655 Fairfield Rd,St Augusta,MN,56301,USA,,,,"{""city"":""St Augusta"",""country"":""USA"",""geocodeAccuracy"":null,""latitude"":null,""longitude"":null,""postalCode"":""56301"",""state"":""MN"",""street"":""22655 Fairfield Rd""}",(555) 807-5245,,(555) 712-2011,(555) 320-1819,,,,sabina.knapp@example.com,,,,Phone Inquiry,1977-06-24,,00521000003HEFmAAO,2019-11-16T23:51:42.000+0000,00521000003HEFmAAO,2019-11-16T23:51:42.000+0000,00521000003HEFmAAO,2019-11-16T23:51:43.000+0000,,,,2019-11-16T23:51:43.000+0000,2019-11-16T23:51:43.000+0000,,,,/services/images/photo/0032100000mcV9dAAE,,,Pending,,sabina.knapp
0032100000mcV9eAAE,,,0012100000lErCDAA0,Kaemingk,Annie,,Annie Kaemingk,87 Arizona 87,Coolidge,AZ,85128,USA,,,,"{""city"":""Coolidge"",""country"":""USA"",""geocodeAccuracy"":null,""latitude"":null,""longitude"":null,""postalCode"":""85128"",""state"":""AZ"",""street"":""87 Arizona 87""}",87 Arizona 87,Coolidge,AZ,85128,USA,,,,"{""city"":""Coolidge"",""country"":""USA"",""geocodeAccuracy"":null,""latitude"":null,""longitude"":null,""postalCode"":""85128"",""state"":""AZ"",""street"":""87 Arizona 87""}",(555) 385-8974,,(555) 557-8756,(555) 292-5929,,,,annie.kaemingk@example.com,,,,Other,2006-06-28,,00521000003HEFmAAO,2019-11-16T23:51:42.000+0000,00521000003HEFmAAO,2019-11-16T23:51:42.000+0000,00521000003HEFmAAO,2019-11-16T23:51:43.000+0000,,,,2019-11-16T23:51:43.000+0000,2019-11-16T23:51:43.000+0000,,,,/services/images/photo/0032100000mcV9eAAE,,,Pending,,annie.kaemingk
0032100000mcV9fAAE,,,0012100000lErCEAA0,Peco,Emory,,Emory Peco,361 Centennial Parkway,Louisville,CO,80027,USA,,,,"{""city"":""Louisville"",""country"":""USA"",""geocodeAccuracy"":null,""latitude"":null,""longitude"":null,""postalCode"":""80027"",""state"":""CO"",""street"":""361 Centennial Parkway""}",361 Centennial Parkway,Louisville,CO,80027,USA,,,,"{""city"":""Louisville"",""country"":""USA"",""geocodeAccuracy"":null,""latitude"":null,""longitude"":null,""postalCode"":""80027"",""state"":""CO"",""street"":""361 Centennial Parkway""}",(555) 556-3903,,(555) 497-7083,(555) 396-7060,,,,emory.peco@example.com,,,,Phone Inquiry,1987-01-23,,00521000003HEFmAAO,2019-11-16T23:51:42.000+0000,00521000003HEFmAAO,2019-11-16T23:51:42.000+0000,00521000003HEFmAAO,2019-11-16T23:51:43.000+0000,,,,2019-11-16T23:51:43.000+0000,2019-11-16T23:51:43.000+0000,,,,/services/images/photo/0032100000mcV9fAAE,,,Pending,,emory.peco
0032100000mcV9gAAE,,,0012100000lErCFAA0,Deley,Lilli,,Lilli Deley,112 N El Rancho Rd,Santa Fe,NM,87501,USA,,,,"{""city"":""Santa Fe"",""country"":""USA"",""geocodeAccuracy"":null,""latitude"":null,""longitude"":null,""postalCode"":""87501"",""state"":""NM"",""street"":""112 N El Rancho Rd""}",112 N El Rancho Rd,Santa Fe,NM,87501,USA,,,,"{""city"":""Santa Fe"",""country"":""USA"",""geocodeAccuracy"":null,""latitude"":null,""longitude"":null,""postalCode"":""87501"",""state"":""NM"",""street"":""112 N El Rancho Rd""}",(555) 628-5430,,(555) 627-9912,(555) 598-4795,,,,lilli.deley@example.com,,,,Phone Inquiry,2006-07-01,,00521000003HEFmAAO,2019-11-16T23:51:42.000+0000,00521000003HEFmAAO,2019-11-16T23:51:42.000+0000,00521000003HEFmAAO,2019-11-16T23:51:43.000+0000,,,,2019-11-16T23:51:43.000+0000,2019-11-16T23:51:43.000+0000,,,,/services/images/photo/0032100000mcV9gAAE,,,Pending,,lilli.deley
0032100000mcV9hAAE,,,0012100000lErCGAA0,Tritch,Jamal,,Jamal Tritch,950 East Paces Ferry Road NE,Atlanta,GA,30326,USA,,,,"{""city"":""Atlanta"",""country"":""USA"",""geocodeAccuracy"":null,""latitude"":null,""longitude"":null,""postalCode"":""30326"",""state"":""GA"",""street"":""950 East Paces Ferry Road NE""}",950 East Paces Ferry Road NE,Atlanta,GA,30326,USA,,,,"{""city"":""Atlanta"",""country"":""USA"",""geocodeAccuracy"":null,""latitude"":null,""longitude"":null,""postalCode"":""30326"",""state"":""GA"",""street"":""950 East Paces Ferry Road NE""}",(555) 766-7565,,(555) 731-1460,(555) 240-4992,,,,jamal.tritch@example.com,,,,Web,1975-11-06,,00521000003HEFmAAO,2019-11-16T23:51:42.000+0000,00521000003HEFmAAO,2019-11-16T23:51:42.000+0000,00521000003HEFmAAO,2019-11-16T23:51:43.000+0000,,,,2019-11-16T23:51:43.000+0000,2019-11-16T23:51:43.000+0000,,,,/services/images/photo/0032100000mcV9hAAE,,,Pending,,jamal.tritch
0032100000mcV9iAAE,,,0012100000lErCHAA0,Chiras,Nella,,Nella Chiras,500 Boylston Street,Boston,MA,02116,USA,,,,"{""city"":""Boston"",""country"":""USA"",""geocodeAccuracy"":null,""latitude"":null,""longitude"":null,""postalCode"":""02116"",""state"":""MA"",""street"":""500 Boylston Street""}",500 Boylston Street,Boston,MA,02116,USA,,,,"{""city"":""Boston"",""country"":""USA"",""geocodeAccuracy"":null,""latitude"":null,""longitude"":null,""postalCode"":""02116"",""state"":""MA"",""street"":""500 Boylston Street""}",(555) 764-9899,,(555) 235-9119,(555) 642-3158,,,,nella.chiras@example.com,,,,Phone Inquiry,1966-03-23,,00521000003HEFmAAO,2019-11-16T23:51:42.000+0000,00521000003HEFmAAO,2019-11-16T23:51:42.000+0000,00521000003HEFmAAO,2019-11-16T23:51:43.000+0000,,,,2019-11-16T23:51:43.000+0000,2019-11-16T23:51:43.000+0000,,,,/services/images/photo/0032100000mcV9iAAE,,,Pending,,nella.chiras
0032100000mcV9jAAE,,,0012100000lErCIAA0,Merendino,Moshe,,Moshe Merendino,10105 Propps St NE,Albuquerque,NM,87112,USA,,,,"{""city"":""Albuquerque"",""country"":""USA"",""geocodeAccuracy"":null,""latitude"":null,""longitude"":null,""postalCode"":""87112"",""state"":""NM"",""street"":""10105 Propps St NE""}",10105 Propps St NE,Albuquerque,NM,87112,USA,,,,"{""city"":""Albuquerque"",""country"":""USA"",""geocodeAccuracy"":null,""latitude"":null,""longitude"":null,""postalCode"":""87112"",""state"":""NM"",""street"":""10105 Propps St NE""}",(555) 566-3407,,(555) 403-2117,(555) 787-6443,,,,moshe.merendino@example.com,,,,Web,1968-02-18,,00521000003HEFmAAO,2019-11-16T23:51:42.000+0000,00521000003HEFmAAO,2019-11-16T23:51:42.000+0000,00521000003HEFmAAO,2019-11-16T23:51:43.000+0000,,,,2019-11-16T23:51:43.000+0000,2019-11-16T23:51:43.000+0000,,,,/services/images/photo/0032100000mcV9jAAE,,,Pending,,moshe.merendino
0032100000mcV9kAAE,,,0012100000lErCJAA0,Guillermo,Angle,,Angle Guillermo,145 County Road 88,Guffey,CO,80820,USA,,,,"{""city"":""Guffey"",""country"":""USA"",""geocodeAccuracy"":null,""latitude"":null,""longitude"":null,""postalCode"":""80820"",""state"":""CO"",""street"":""145 County Road 88""}",145 County Road 88,Guffey,CO,80820,USA,,,,"{""city"":""Guffey"",""country"":""USA"",""geocodeAccuracy"":null,""latitude"":null,""longitude"":null,""postalCode"":""80820"",""state"":""CO"",""street"":""145 County Road 88""}",(555) 248-4057,,(555) 512-3079,(555) 898-6433,,,,angle.guillermo@example.com,,,,Phone Inquiry,1955-12-17,,00521000003HEFmAAO,2019-11-16T23:51:42.000+0000,00521000003HEFmAAO,2019-11-16T23:51:42.000+0000,00521000003HEFmAAO,2019-11-16T23:51:43.000+0000,,,,2019-11-16T23:51:43.000+0000,2019-11-16T23:51:43.000+0000,,,,/services/images/photo/0032100000mcV9kAAE,,,Pending,,angle.guillermo
0032100000mcV9lAAE,,,0012100000lErCKAA0,Abrell,Sadie,,Sadie Abrell,1335 Madison St NE,Salem,OR,97301,USA,,,,"{""city"":""Salem"",""country"":""USA"",""geocodeAccuracy"":null,""latitude"":null,""longitude"":null,""postalCode"":""97301"",""state"":""OR"",""street"":""1335 Madison St NE""}",1335 Madison St NE,Salem,OR,97301,USA,,,,"{""city"":""Salem"",""country"":""USA"",""geocodeAccuracy"":null,""latitude"":null,""longitude"":null,""postalCode"":""97301"",""state"":""OR"",""street"":""1335 Madison St NE""}",(555) 116-3549,,(555) 971-5036,(555) 539-5297,,,,sadie.abrell@example.com,,,,Web,1967-02-19,,00521000003HEFmAAO,2019-11-16T23:51:42.000+0000,00521000003HEFmAAO,2019-11-16T23:51:42.000+0000,00521000003HEFmAAO,2019-11-16T23:51:43.000+0000,,,,2019-11-16T23:51:43.000+0000,2019-11-16T23:51:43.000+0000,,,,/services/images/photo/0032100000mcV9lAAE,,,Pending,,sadie.abrell
0032100000mcV9mAAE,,,0012100000lErCLAA0,Carnicelli,Sherron,,Sherron Carnicelli,7926 Droege Road,Decatur,IN,46733,USA,,,,"{""city"":""Decatur"",""country"":""USA"",""geocodeAccuracy"":null,""latitude"":null,""longitude"":null,""postalCode"":""46733"",""state"":""IN"",""street"":""7926 Droege Road""}",7926 Droege Road,Decatur,IN,46733,USA,,,,"{""city"":""Decatur"",""country"":""USA"",""geocodeAccuracy"":null,""latitude"":null,""longitude"":null,""postalCode"":""46733"",""state"":""IN"",""street"":""7926 Droege Road""}",(555) 810-9651,,(555) 986-9498,(555) 883-8932,,,,sherron.carnicelli@example.com,,,,Other,1945-11-14,,00521000003HEFmAAO,2019-11-16T23:51:42.000+0000,00521000003HEFmAAO,2019-11-16T23:51:42.000+0000,00521000003HEFmAAO,2019-11-16T23:51:43.000+0000,,,,2019-11-16T23:51:43.000+0000,2019-11-16T23:51:43.000+0000,,,,/services/images/photo/0032100000mcV9mAAE,,,Pending,,sherron.carnicelli
0032100000mcV9nAAE,,,0012100000lErCMAA0,Siddons,Rich,,Rich Siddons,7139 Kilback Mountains,Antonito,CO,81120,USA,,,,"{""city"":""Antonito"",""country"":""USA"",""geocodeAccuracy"":null,""latitude"":null,""longitude"":null,""postalCode"":""81120"",""state"":""CO"",""street"":""7139 Kilback Mountains""}",7139 Kilback Mountains,Antonito,CO,81120,USA,,,,"{""city"":""Antonito"",""country"":""USA"",""geocodeAccuracy"":null,""latitude"":null,""longitude"":null,""postalCode"":""81120"",""state"":""CO"",""street"":""7139 Kilback Mountains""}",(555) 472-4185,,(555) 533-1274,(555) 810-2122,,,,rich.siddons@example.com,,,,Web,1998-07-03,,00521000003HEFmAAO,2019-11-16T23:51:42.000+0000,00521000003HEFmAAO,2019-11-16T23:51:42.000+0000,00521000003HEFmAAO,2019-11-16T23:51:43.000+0000,,,,2019-11-16T23:51:43.000+0000,2019-11-16T23:51:43.000+0000,,,,/services/images/photo/0032100000mcV9nAAE,,,Pending,,rich.siddons
0032100000mcV9oAAE,,,0012100000lErCNAA0,Mcwherter,Darrel,,Darrel Mcwherter,620 N Westmoreland Rd,DeSoto,TX,75115,USA,,,,"{""city"":""DeSoto"",""country"":""USA"",""geocodeAccuracy"":null,""latitude"":null,""longitude"":null,""postalCode"":""75115"",""state"":""TX"",""street"":""620 N Westmoreland Rd""}",620 N Westmoreland Rd,DeSoto,TX,75115,USA,,,,"{""city"":""DeSoto"",""country"":""USA"",""geocodeAccuracy"":null,""latitude"":null,""longitude"":null,""postalCode"":""75115"",""state"":""TX"",""street"":""620 N Westmoreland Rd""}",(555) 585-7868,,(555) 432-9421,(555) 228-2519,,,,darrel.mcwherter@example.com,,,,Partner Referral,1988-10-17,,00521000003HEFmAAO,2019-11-16T23:51:42.000+0000,00521000003HEFmAAO,2019-11-16T23:51:42.000+0000,00521000003HEFmAAO,2019-11-16T23:51:43.000+0000,,,,2019-11-16T23:51:43.000+0000,2019-11-16T23:51:43.000+0000,,,,/services/images/photo/0032100000mcV9oAAE,,,Pending,,darrel.mcwherter
0032100000mcV9pAAE,,,0012100000lErCOAA0,Abercrombie,Shaniqua,,Shaniqua Abercrombie,4301 West Boy Scout Blvd,Tampa,FL,33607,USA,,,,"{""city"":""Tampa"",""country"":""USA"",""geocodeAccuracy"":null,""latitude"":null,""longitude"":null,""postalCode"":""33607"",""state"":""FL"",""street"":""4301 West Boy Scout Blvd""}",4301 West Boy Scout Blvd,Tampa,FL,33607,USA,,,,"{""city"":""Tampa"",""country"":""USA"",""geocodeAccuracy"":null,""latitude"":null,""longitude"":null,""postalCode"":""33607"",""state"":""FL"",""street"":""4301 West Boy Scout Blvd""}",(555) 238-8610,,(555) 798-4782,(555) 424-9333,,,,shaniqua.abercrombie@example.com,,,,Partner Referral,1978-05-07,,00521000003HEFmAAO,2019-11-16T23:51:42.000+0000,00521000003HEFmAAO,2019-11-16T23:51:42.000+0000,00521000003HEFmAAO,2019-11-16T23:51:43.000+0000,,,,2019-11-16T23:51:43.000+0000,2019-11-16T23:51:43.000+0000,,,,/services/images/photo/0032100000mcV9pAAE,,,Pending,,shaniqua.abercrombie
0032100000mcV9qAAE,,,0012100000lErCPAA0,Silas,Charmaine,,Charmaine Silas,22750 N May Ave,Edmond,OK,73025,USA,,,,"{""city"":""Edmond"",""country"":""USA"",""geocodeAccuracy"":null,""latitude"":null,""longitude"":null,""postalCode"":""73025"",""state"":""OK"",""street"":""22750 N May Ave""}",22750 N May Ave,Edmond,OK,73025,USA,,,,"{""city"":""Edmond"",""country"":""USA"",""geocodeAccuracy"":null,""latitude"":null,""longitude"":null,""postalCode"":""73025"",""state"":""OK"",""street"":""22750 N May Ave""}",(555) 237-3625,,(555) 776-2646,(555) 256-6150,,,,charmaine.silas@example.com,,,,Partner Referral,2003-06-07,,00521000003HEFmAAO,2019-11-16T23:51:42.000+0000,00521000003HEFmAAO,2019-11-16T23:51:42.000+0000,00521000003HEFmAAO,2019-11-16T23:51:43.000+0000,,,,2019-11-16T23:51:43.000+0000,2019-11-16T23:51:43.000+0000,,,,/services/images/photo/0032100000mcV9qAAE,,,Pending,,charmaine.silas
0032100000mcV9rAAE,,,0012100000lErCQAA0,Ramshur,Carmelita,,Carmelita Ramshur,8629 238th Road,Nortonville,KS,66060,USA,,,,"{""city"":""Nortonville"",""country"":""USA"",""geocodeAccuracy"":null,""latitude"":null,""longitude"":null,""postalCode"":""66060"",""state"":""KS"",""street"":""8629 238th Road""}",8629 238th Road,Nortonville,KS,66060,USA,,,,"{""city"":""Nortonville"",""country"":""USA"",""geocodeAccuracy"":null,""latitude"":null,""longitude"":null,""postalCode"":""66060"",""state"":""KS"",""street"":""8629 238th Road""}",(555) 761-2465,,(555) 202-2773,(555) 328-2921,,,,carmelita.ramshur@example.com,,,,Partner Referral,1959-04-08,,00521000003HEFmAAO,2019-11-16T23:51:42.000+0000,00521000003HEFmAAO,2019-11-16T23:51:42.000+0000,00521000003HEFmAAO,2019-11-16T23:51:43.000+0000,,,,2019-11-16T23:51:43.000+0000,2019-11-16T23:51:43.000+0000,,,,/services/images/photo/0032100000mcV9rAAE,,,Pending,,carmelita.ramshur
0032100000mcV9sAAE,,,0012100000lErCRAA0,Krell,Jammie,,Jammie Krell,7139 Kilback Mountains,Antonito,CO,81120,USA,,,,"{""city"":""Antonito"",""country"":""USA"",""geocodeAccuracy"":null,""latitude"":null,""longitude"":null,""postalCode"":""81120"",""state"":""CO"",""street"":""7139 Kilback Mountains""}",7139 Kilback Mountains,Antonito,CO,81120,USA,,,,"{""city"":""Antonito"",""country"":""USA"",""geocodeAccuracy"":null,""latitude"":null,""longitude"":null,""postalCode"":""81120"",""state"":""CO"",""street"":""7139 Kilback Mountains""}",(555) 705-9281,,(555) 963-9006,(555) 428-4942,,,,jammie.krell@example.com,,,,Partner Referral,1968-06-10,,00521000003HEFmAAO,2019-11-16T23:51:42.000+0000,00521000003HEFmAAO,2019-11-16T23:51:42.000+0000,00521000003HEFmAAO,2019-11-16T23:51:43.000+0000,,,,2019-11-16T23:51:43.000+0000,2019-11-16T23:51:43.000+0000,,,,/services/images/photo/0032100000mcV9sAAE,,,Pending,,jammie.krell
0032100000mcV9tAAE,,,0012100000lErCSAA0,Caminero,Dylan,,Dylan Caminero,7452 30th Avenue Northeast,Willow City,ND,58384,USA,,,,"{""city"":""Willow City"",""country"":""USA"",""geocodeAccuracy"":null,""latitude"":null,""longitude"":null,""postalCode"":""58384"",""state"":""ND"",""street"":""7452 30th Avenue Northeast""}",7452 30th Avenue Northeast,Willow City,ND,58384,USA,,,,"{""city"":""Willow City"",""country"":""USA"",""geocodeAccuracy"":null,""latitude"":null,""longitude"":null,""postalCode"":""58384"",""state"":""ND"",""street"":""7452 30th Avenue Northeast""}",(555) 902-3102,,(555) 497-2002,(555) 321-8526,,,,dylan.caminero@example.com,,,,Phone Inquiry,1965-08-08,,00521000003HEFmAAO,2019-11-16T23:51:42.000+0000,00521000003HEFmAAO,2019-11-16T23:51:42.000+0000,00521000003HEFmAAO,2019-11-16T23:51:43.000+0000,,,,2019-11-16T23:51:43.000+0000,2019-11-16T23:51:43.000+0000,,,,/services/images/photo/0032100000mcV9tAAE,,,Pending,,dylan.caminero
0032100000mcV9uAAE,,,0012100000lErCTAA0,Schwartzbach,Nadine,,Nadine Schwartzbach,1442 2nd Street,Santa Monica,CA,90401,USA,,,,"{""city"":""Santa Monica"",""country"":""USA"",""geocodeAccuracy"":null,""latitude"":null,""longitude"":null,""postalCode"":""90401"",""state"":""CA"",""street"":""1442 2nd Street""}",1442 2nd Street,Santa Monica,CA,90401,USA,,,,"{""city"":""Santa Monica"",""country"":""USA"",""geocodeAccuracy"":null,""latitude"":null,""longitude"":null,""postalCode"":""90401"",""state"":""CA"",""street"":""1442 2nd Street""}",(555) 441-3164,,(555) 637-5465,(555) 737-8555,,,,nadine.schwartzbach@example.com,,,,Partner Referral,1994-05-03,,00521000003HEFmAAO,2019-11-16T23:51:42.000+0000,00521000003HEFmAAO,2019-11-16T23:51:42.000+0000,00521000003HEFmAAO,2019-11-16T23:51:43.000+0000,,,,2019-11-16T23:51:43.000+0000,2019-11-16T23:51:43.000+0000,,,,/services/images/photo/0032100000mcV9uAAE,,,Pending,,nadine.schwartzbach
0032100000mcV9vAAE,,,0012100000lErCUAA0,Orloff,Christeen,,Christeen Orloff,84 Ocean Drive,Forest Home,AL,36030,USA,,,,"{""city"":""Forest Home"",""country"":""USA"",""geocodeAccuracy"":null,""latitude"":null,""longitude"":null,""postalCode"":""36030"",""state"":""AL"",""street"":""84 Ocean Drive""}",84 Ocean Drive,Forest Home,AL,36030,USA,,,,"{""city"":""Forest Home"",""country"":""USA"",""geocodeAccuracy"":null,""latitude"":null,""longitude"":null,""postalCode"":""36030"",""state"":""AL"",""street"":""84 Ocean Drive""}",(555) 714-3240,,(555) 862-8880,(555) 974-2572,,,,christeen.orloff@example.com,,,,Web,1963-01-06,,00521000003HEFmAAO,2019-11-16T23:51:42.000+0000,00521000003HEFmAAO,2019-11-16T23:51:42.000+0000,00521000003HEFmAAO,2019-11-16T23:51:43.000+0000,,,,2019-11-16T23:51:43.000+0000,2019-11-16T23:51:43.000+0000,,,,/services/images/photo/0032100000mcV9vAAE,,,Pending,,christeen.orloff
0032100000mcV9wAAE,,,0012100000lErCVAA0,Epps,Winnie,,Winnie Epps,23 Browns Lake Road,Helmville,MT,59843,USA,,,,"{""city"":""Helmville"",""country"":""USA"",""geocodeAccuracy"":null,""latitude"":null,""longitude"":null,""postalCode"":""59843"",""state"":""MT"",""street"":""23 Browns Lake Road""}",23 Browns Lake Road,Helmville,MT,59843,USA,,,,"{""city"":""Helmville"",""country"":""USA"",""geocodeAccuracy"":null,""latitude"":null,""longitude"":null,""postalCode"":""59843"",""state"":""MT"",""street"":""23 Browns Lake Road""}",(555) 910-1234,,(555) 495-2273,(555) 997-5223,,,,winnie.epps@example.com,,,,Partner Referral,1988-03-11,,00521000003HEFmAAO,2019-11-16T23:51:42.000+0000,00521000003HEFmAAO,2019-11-16T23:51:42.000+0000,00521000003HEFmAAO,2019-11-16T23:51:43.000+0000,,,,2019-11-16T23:51:43.000+0000,2019-11-16T23:51:43.000+0000,,,,/services/images/photo/0032100000mcV9wAAE,,,Pending,,winnie.epps
0032100000mcV9xAAE,,,0012100000lErCWAA0,Illian,Rachele,,Rachele Illian,300 Spectrum Center Drive,Irvine,CA,92618,USA,,,,"{""city"":""Irvine"",""country"":""USA"",""geocodeAccuracy"":null,""latitude"":null,""longitude"":null,""postalCode"":""92618"",""state"":""CA"",""street"":""300 Spectrum Center Drive""}",300 Spectrum Center Drive,Irvine,CA,92618,USA,,,,"{""city"":""Irvine"",""country"":""USA"",""geocodeAccuracy"":null,""latitude"":null,""longitude"":null,""postalCode"":""92618"",""state"":""CA"",""street"":""300 Spectrum Center Drive""}",(555) 993-1362,,(555) 347-2146,(555) 735-2403,,,,rachele.illian@example.com,,,,Phone Inquiry,2007-01-24,,00521000003HEFmAAO,2019-11-16T23:51:42.000+0000,00521000003HEFmAAO,2019-11-16T23:51:42.000+0000,00521000003HEFmAAO,2019-11-16T23:51:43.000+0000,,,,2019-11-16T23:51:43.000+0000,2019-11-16T23:51:43.000+0000,,,,/services/images/photo/0032100000mcV9xAAE,,,Pending,,rachele.illian
0032100000mcV9yAAE,,,0012100000lErCXAA0,Lesky,Nohemi,,Nohemi Lesky,14878 Lost River Court,Hughesville,MD,20637,USA,,,,"{""city"":""Hughesville"",""country"":""USA"",""geocodeAccuracy"":null,""latitude"":null,""longitude"":null,""postalCode"":""20637"",""state"":""MD"",""street"":""14878 Lost River Court""}",14878 Lost River Court,Hughesville,MD,20637,USA,,,,"{""city"":""Hughesville"",""country"":""USA"",""geocodeAccuracy"":null,""latitude"":null,""longitude"":null,""postalCode"":""20637"",""state"":""MD"",""street"":""14878 Lost River Court""}",(555) 182-8022,,(555) 759-5985,(555) 572-7997,,,,nohemi.lesky@example.com,,,,Phone Inquiry,1974-04-12,,00521000003HEFmAAO,2019-11-16T23:51:42.000+0000,00521000003HEFmAAO,2019-11-16T23:51:42.000+0000,00521000003HEFmAAO,2019-11-16T23:51:43.000+0000,,,,2019-11-16T23:51:43.000+0000,2019-11-16T23:51:43.000+0000,,,,/services/images/photo/0032100000mcV9yAAE,,,Pending,,nohemi.lesky
0032100000mcV9zAAE,,,0012100000lErCYAA0,Lampton,Sergio,,Sergio Lampton,4301 West Boy Scout Blvd,Tampa,FL,33607,USA,,,,"{""city"":""Tampa"",""country"":""USA"",""geocodeAccuracy"":null,""latitude"":null,""longitude"":null,""postalCode"":""33607"",""state"":""FL"",""street"":""4301 West Boy Scout Blvd""}",4301 West Boy Scout Blvd,Tampa,FL,33607,USA,,,,"{""city"":""Tampa"",""country"":""USA"",""geocodeAccuracy"":null,""latitude"":null,""longitude"":null,""postalCode"":""33607"",""state"":""FL"",""street"":""4301 West Boy Scout Blvd""}",(555) 212-1833,,(555) 677-9620,(555) 280-1654,,,,sergio.lampton@example.com,,,,Partner Referral,2002-06-26,,00521000003HEFmAAO,2019-11-16T23:51:42.000+0000,00521000003HEFmAAO,2019-11-16T23:51:42.000+0000,00521000003HEFmAAO,2019-11-16T23:51:43.000+0000,,,,2019-11-16T23:51:43.000+0000,2019-11-16T23:51:43.000+0000,,,,/services/images/photo/0032100000mcV9zAAE,,,Pending,,sergio.lampton
0032100000mcVA0AAM,,,0012100000lErCZAA0,Donaby,Saturnina,,Saturnina Donaby,818 Sparta Hwy,Milledgeville,GA,31061,USA,,,,"{""city"":""Milledgeville"",""country"":""USA"",""geocodeAccuracy"":null,""latitude"":null,""longitude"":null,""postalCode"":""31061"",""state"":""GA"",""street"":""818 Sparta Hwy""}",818 Sparta Hwy,Milledgeville,GA,31061,USA,,,,"{""city"":""Milledgeville"",""country"":""USA"",""geocodeAccuracy"":null,""latitude"":null,""longitude"":null,""postalCode"":""31061"",""state"":""GA"",""street"":""818 Sparta Hwy""}",(555) 586-7730,,(555) 219-1253,(555) 265-3458,,,,saturnina.donaby@example.com,,,,Phone Inquiry,1961-07-15,,00521000003HEFmAAO,2019-11-16T23:51:42.000+0000,00521000003HEFmAAO,2019-11-16T23:51:42.000+0000,00521000003HEFmAAO,2019-11-16T23:51:43.000+0000,,,,2019-11-16T23:51:43.000+0000,2019-11-16T23:51:43.000+0000,,,,/services/images/photo/0032100000mcVA0AAM,,,Pending,,saturnina.donaby
0032100000mcVA1AAM,,,0012100000lErCaAAK,Morelock,Brain,,Brain Morelock,175 Dunlap Road,Craigmont,ID,83523,USA,,,,"{""city"":""Craigmont"",""country"":""USA"",""geocodeAccuracy"":null,""latitude"":null,""longitude"":null,""postalCode"":""83523"",""state"":""ID"",""street"":""175 Dunlap Road""}",175 Dunlap Road,Craigmont,ID,83523,USA,,,,"{""city"":""Craigmont"",""country"":""USA"",""geocodeAccuracy"":null,""latitude"":null,""longitude"":null,""postalCode"":""83523"",""state"":""ID"",""street"":""175 Dunlap Road""}",(555) 413-2217,,(555) 774-7665,(555) 707-8959,,,,brain.morelock@example.com,,,,Web,1986-04-30,,00521000003HEFmAAO,2019-11-16T23:51:42.000+0000,00521000003HEFmAAO,2019-11-16T23:51:42.000+0000,00521000003HEFmAAO,2019-11-16T23:51:43.000+0000,,,,2019-11-16T23:51:43.000+0000,2019-11-16T23:51:43.000+0000,,,,/services/images/photo/0032100000mcVA1AAM,,,Pending,,brain.morelock
0032100000mcVA2AAM,,,0012100000lErCbAAK,Sponaugle,Stevie,,Stevie Sponaugle,77820 Vineyard Canyon Road,San Miguel,CA,93451,USA,,,,"{""city"":""San Miguel"",""country"":""USA"",""geocodeAccuracy"":null,""latitude"":null,""longitude"":null,""postalCode"":""93451"",""state"":""CA"",""street"":""77820 Vineyard Canyon Road""}",77820 Vineyard Canyon Road,San Miguel,CA,93451,USA,,,,"{""city"":""San Miguel"",""country"":""USA"",""geocodeAccuracy"":null,""latitude"":null,""longitude"":null,""postalCode"":""93451"",""state"":""CA"",""street"":""77820 Vineyard Canyon Road""}",(555) 781-1132,,(555) 160-3309,(555) 365-5850,,,,stevie.sponaugle@example.com,,,,Phone Inquiry,1989-07-07,,00521000003HEFmAAO,2019-11-16T23:51:42.000+0000,00521000003HEFmAAO,2019-11-16T23:51:42.000+0000,00521000003HEFmAAO,2019-11-16T23:51:43.000+0000,,,,2019-11-16T23:51:43.000+0000,2019-11-16T23:51:43.000+0000,,,,/services/images/photo/0032100000mcVA2AAM,,,Pending,,stevie.sponaugle
0032100000mcVA3AAM,,,0012100000lErCcAAK,Pokallas,Cristal,,Cristal Pokallas,112 N El Rancho Rd,Santa Fe,NM,87501,USA,,,,"{""city"":""Santa Fe"",""country"":""USA"",""geocodeAccuracy"":null,""latitude"":null,""longitude"":null,""postalCode"":""87501"",""state"":""NM"",""street"":""112 N El Rancho Rd""}",112 N El Rancho Rd,Santa Fe,NM,87501,USA,,,,"{""city"":""Santa Fe"",""country"":""USA"",""geocodeAccuracy"":null,""latitude"":null,""longitude"":null,""postalCode"":""87501"",""state"":""NM"",""street"":""112 N El Rancho Rd""}",(555) 628-8811,,(555) 236-9441,(555) 353-1784,,,,cristal.pokallas@example.com,,,,Partner Referral,1940-03-11,,00521000003HEFmAAO,2019-11-16T23:51:42.000+0000,00521000003HEFmAAO,2019-11-16T23:51:42.000+0000,00521000003HEFmAAO,2019-11-16T23:51:43.000+0000,,,,2019-11-16T23:51:43.000+0000,2019-11-16T23:51:43.000+0000,,,,/services/images/photo/0032100000mcVA3AAM,,,Pending,,cristal.pokallas
0032100000mcVA4AAM,,,0012100000lErCdAAK,Heisel,Bobbye,,Bobbye Heisel,7926 Droege Road,Decatur,IN,46733,USA,,,,"{""city"":""Decatur"",""country"":""USA"",""geocodeAccuracy"":null,""latitude"":null,""longitude"":null,""postalCode"":""46733"",""state"":""IN"",""street"":""7926 Droege Road""}",7926 Droege Road,Decatur,IN,46733,USA,,,,"{""city"":""Decatur"",""country"":""USA"",""geocodeAccuracy"":null,""latitude"":null,""longitude"":null,""postalCode"":""46733"",""state"":""IN"",""street"":""7926 Droege Road""}",(555) 912-4968,,(555) 701-7800,(555) 874-6052,,,,bobbye.heisel@example.com,,,,Partner Referral,1960-05-26,,00521000003HEFmAAO,2019-11-16T23:51:42.000+0000,00521000003HEFmAAO,2019-11-16T23:51:42.000+0000,00521000003HEFmAAO,2019-11-16T23:51:43.000+0000,,,,2019-11-16T23:51:43.000+0000,2019-11-16T23:51:43.000+0000,,,,/services/images/photo/0032100000mcVA4AAM,,,Pending,,bobbye.heisel
0032100000mcVA5AAM,,,0012100000lErCeAAK,Caddick,Candida,,Candida Caddick,900 Bulldog Run,Rolla,MO,65401,USA,,,,"{""city"":""Rolla"",""country"":""USA"",""geocodeAccuracy"":null,""latitude"":null,""longitude"":null,""postalCode"":""65401"",""state"":""MO"",""street"":""900 Bulldog Run""}",900 Bulldog Run,Rolla,MO,65401,USA,,,,"{""city"":""Rolla"",""country"":""USA"",""geocodeAccuracy"":null,""latitude"":null,""longitude"":null,""postalCode"":""65401"",""state"":""MO"",""street"":""900 Bulldog Run""}",(555) 389-9936,,(555) 411-3431,(555) 176-6046,,,,candida.caddick@example.com,,,,Partner Referral,1955-11-25,,00521000003HEFmAAO,2019-11-16T23:51:42.000+0000,00521000003HEFmAAO,2019-11-16T23:51:42.000+0000,00521000003HEFmAAO,2019-11-16T23:51:43.000+0000,,,,2019-11-16T23:51:43.000+0000,2019-11-16T23:51:43.000+0000,,,,/services/images/photo/0032100000mcVA5AAM,,,Pending,,candida.caddick
0032100000mcVA6AAM,,,0012100000lErCfAAK,Henshall,Onie,,Onie Henshall,541 SW Georgetown Way,Beaverton,OR,97006,USA,,,,"{""city"":""Beaverton"",""country"":""USA"",""geocodeAccuracy"":null,""latitude"":null,""longitude"":null,""postalCode"":""97006"",""state"":""OR"",""street"":""541 SW Georgetown Way""}",541 SW Georgetown Way,Beaverton,OR,97006,USA,,,,"{""city"":""Beaverton"",""country"":""USA"",""geocodeAccuracy"":null,""latitude"":null,""longitude"":null,""postalCode"":""97006"",""state"":""OR"",""street"":""541 SW Georgetown Way""}",(555) 609-6162,,(555) 530-1695,(555) 841-4261,,,,onie.henshall@example.com,,,,Web,1941-01-12,,00521000003HEFmAAO,2019-11-16T23:51:42.000+0000,00521000003HEFmAAO,2019-11-16T23:51:42.000+0000,00521000003HEFmAAO,2019-11-16T23:51:43.000+0000,,,,2019-11-16T23:51:43.000+0000,2019-11-16T23:51:43.000+0000,,,,/services/images/photo/0032100000mcVA6AAM,,,Pending,,onie.henshall
0032100000mcVA7AAM,,,0012100000lErCgAAK,Kravetsky,Azzie,,Azzie Kravetsky,818 Sparta Hwy,Milledgeville,GA,31061,USA,,,,"{""city"":""Milledgeville"",""country"":""USA"",""geocodeAccuracy"":null,""latitude"":null,""longitude"":null,""postalCode"":""31061"",""state"":""GA"",""street"":""818 Sparta Hwy""}",818 Sparta Hwy,Milledgeville,GA,31061,USA,,,,"{""city"":""Milledgeville"",""country"":""USA"",""geocodeAccuracy"":null,""latitude"":null,""longitude"":null,""postalCode"":""31061"",""state"":""GA"",""street"":""818 Sparta Hwy""}",(555) 861-9734,,(555) 525-2094,(555) 619-1974,,,,azzie.kravetsky@example.com,,,,Other,1990-05-26,,00521000003HEFmAAO,2019-11-16T23:51:42.000+0000,00521000003HEFmAAO,2019-11-16T23:51:42.000+0000,00521000003HEFmAAO,2019-11-16T23:51:43.000+0000,,,,2019-11-16T23:51:43.000+0000,2019-11-16T23:51:43.000+0000,,,,/services/images/photo/0032100000mcVA7AAM,,,Pending,,azzie.kravetsky
0032100000mcVA8AAM,,,0012100000lErChAAK,Terr,Shanika,,Shanika Terr,206 De Korra Ln,Wisconsin Dells,WI,53965,USA,,,,"{""city"":""Wisconsin Dells"",""country"":""USA"",""geocodeAccuracy"":null,""latitude"":null,""longitude"":null,""postalCode"":""53965"",""state"":""WI"",""street"":""206 De Korra Ln""}",206 De Korra Ln,Wisconsin Dells,WI,53965,USA,,,,"{""city"":""Wisconsin Dells"",""country"":""USA"",""geocodeAccuracy"":null,""latitude"":null,""longitude"":null,""postalCode"":""53965"",""state"":""WI"",""street"":""206 De Korra Ln""}",(555) 218-4928,,(555) 574-1968,(555) 787-7223,,,,shanika.terr@example.com,,,,Partner Referral,1993-09-05,,00521000003HEFmAAO,2019-11-16T23:51:42.000+0000,00521000003HEFmAAO,2019-11-16T23:51:42.000+0000,00521000003HEFmAAO,2019-11-16T23:51:43.000+0000,,,,2019-11-16T23:51:43.000+0000,2019-11-16T23:51:43.000+0000,,,,/services/images/photo/0032100000mcVA8AAM,,,Pending,,shanika.terr
0032100000mcVA9AAM,,,0012100000lErCiAAK,Boisjolie,Enda,,Enda Boisjolie,1541 E 4th St,Casper,WY,82601,USA,,,,"{""city"":""Casper"",""country"":""USA"",""geocodeAccuracy"":null,""latitude"":null,""longitude"":null,""postalCode"":""82601"",""state"":""WY"",""street"":""1541 E 4th St""}",1541 E 4th St,Casper,WY,82601,USA,,,,"{""city"":""Casper"",""country"":""USA"",""geocodeAccuracy"":null,""latitude"":null,""longitude"":null,""postalCode"":""82601"",""state"":""WY"",""street"":""1541 E 4th St""}",(555) 239-4128,,(555) 318-5437,(555) 265-4295,,,,enda.boisjolie@example.com,,,,Partner Referral,1989-03-09,,00521000003HEFmAAO,2019-11-16T23:51:42.000+0000,00521000003HEFmAAO,2019-11-16T23:51:42.000+0000,00521000003HEFmAAO,2019-11-16T23:51:43.000+0000,,,,2019-11-16T23:51:43.000+0000,2019-11-16T23:51:43.000+0000,,,,/services/images/photo/0032100000mcVA9AAM,,,Pending,,enda.boisjolie
0032100000mcVAAAA2,,,0012100000lErCjAAK,Rubloff,Diann,,Diann Rubloff,174 Unnamed Road,Youngstown,FL,32466,USA,,,,"{""city"":""Youngstown"",""country"":""USA"",""geocodeAccuracy"":null,""latitude"":null,""longitude"":null,""postalCode"":""32466"",""state"":""FL"",""street"":""174 Unnamed Road""}",174 Unnamed Road,Youngstown,FL,32466,USA,,,,"{""city"":""Youngstown"",""country"":""USA"",""geocodeAccuracy"":null,""latitude"":null,""longitude"":null,""postalCode"":""32466"",""state"":""FL"",""street"":""174 Unnamed Road""}",(555) 585-6597,,(555) 186-5620,(555) 428-1407,,,,diann.rubloff@example.com,,,,Partner Referral,1981-11-29,,00521000003HEFmAAO,2019-11-16T23:51:42.000+0000,00521000003HEFmAAO,2019-11-16T23:51:42.000+0000,00521000003HEFmAAO,2019-11-16T23:51:43.000+0000,,,,2019-11-16T23:51:43.000+0000,2019-11-16T23:51:43.000+0000,,,,/services/images/photo/0032100000mcVAAAA2,,,Pending,,diann.rubloff
0032100000mcVABAA2,,,0012100000lErCkAAK,Noyes,Salena,,Salena Noyes,620 N Westmoreland Rd,DeSoto,TX,75115,USA,,,,"{""city"":""DeSoto"",""country"":""USA"",""geocodeAccuracy"":null,""latitude"":null,""longitude"":null,""postalCode"":""75115"",""state"":""TX"",""street"":""620 N Westmoreland Rd""}",620 N Westmoreland Rd,DeSoto,TX,75115,USA,,,,"{""city"":""DeSoto"",""country"":""USA"",""geocodeAccuracy"":null,""latitude"":null,""longitude"":null,""postalCode"":""75115"",""state"":""TX"",""street"":""620 N Westmoreland Rd""}",(555) 298-7526,,(555) 330-8817,(555) 636-5374,,,,salena.noyes@example.com,,,,Partner Referral,1942-09-03,,00521000003HEFmAAO,2019-11-16T23:51:42.000+0000,00521000003HEFmAAO,2019-11-16T23:51:42.000+0000,00521000003HEFmAAO,2019-11-16T23:51:43.000+0000,,,,2019-11-16T23:51:43.000+0000,2019-11-16T23:51:43.000+0000,,,,/services/images/photo/0032100000mcVABAA2,,,Pending,,salena.noyes
0032100000mcVACAA2,,,0012100000lErClAAK,Favian,Marcellus,,Marcellus Favian,12825 East Mirabeau Parkway,Spokane,WA,99216,USA,,,,"{""city"":""Spokane"",""country"":""USA"",""geocodeAccuracy"":null,""latitude"":null,""longitude"":null,""postalCode"":""99216"",""state"":""WA"",""street"":""12825 East Mirabeau Parkway""}",12825 East Mirabeau Parkway,Spokane,WA,99216,USA,,,,"{""city"":""Spokane"",""country"":""USA"",""geocodeAccuracy"":null,""latitude"":null,""longitude"":null,""postalCode"":""99216"",""state"":""WA"",""street"":""12825 East Mirabeau Parkway""}",(555) 298-8640,,(555) 821-9018,(555) 242-4719,,,,marcellus.favian@example.com,,,,Partner Referral,1998-07-12,,00521000003HEFmAAO,2019-11-16T23:51:42.000+0000,00521000003HEFmAAO,2019-11-16T23:51:42.000+0000,00521000003HEFmAAO,2019-11-16T23:51:43.000+0000,,,,2019-11-16T23:51:43.000+0000,2019-11-16T23:51:43.000+0000,,,,/services/images/photo/0032100000mcVACAA2,,,Pending,,marcellus.favian
0032100000mcVADAA2,,,0012100000lErCmAAK,Cupp,Kirsten,,Kirsten Cupp,23 Browns Lake Road,Helmville,MT,59843,USA,,,,"{""city"":""Helmville"",""country"":""USA"",""geocodeAccuracy"":null,""latitude"":null,""longitude"":null,""postalCode"":""59843"",""state"":""MT"",""street"":""23 Browns Lake Road""}",23 Browns Lake Road,Helmville,MT,59843,USA,,,,"{""city"":""Helmville"",""country"":""USA"",""geocodeAccuracy"":null,""latitude"":null,""longitude"":null,""postalCode"":""59843"",""state"":""MT"",""street"":""23 Browns Lake Road""}",(555) 189-7256,,(555) 778-2833,(555) 155-9122,,,,kirsten.cupp@example.com,,,,Phone Inquiry,1963-08-13,,00521000003HEFmAAO,2019-11-16T23:51:42.000+0000,00521000003HEFmAAO,2019-11-16T23:51:42.000+0000,00521000003HEFmAAO,2019-11-16T23:51:43.000+0000,,,,2019-11-16T23:51:43.000+0000,2019-11-16T23:51:43.000+0000,,,,/services/images/photo/0032100000mcVADAA2,,,Pending,,kirsten.cupp
0032100000mcVAEAA2,,,0012100000lErCnAAK,Haer,Lilia,,Lilia Haer,4561 Springdale Rd,Millbrook,AL,36054,USA,,,,"{""city"":""Millbrook"",""country"":""USA"",""geocodeAccuracy"":null,""latitude"":null,""longitude"":null,""postalCode"":""36054"",""state"":""AL"",""street"":""4561 Springdale Rd""}",4561 Springdale Rd,Millbrook,AL,36054,USA,,,,"{""city"":""Millbrook"",""country"":""USA"",""geocodeAccuracy"":null,""latitude"":null,""longitude"":null,""postalCode"":""36054"",""state"":""AL"",""street"":""4561 Springdale Rd""}",(555) 382-7775,,(555) 826-6529,(555) 205-6388,,,,lilia.haer@example.com,,,,Phone Inquiry,1974-03-13,,00521000003HEFmAAO,2019-11-16T23:51:42.000+0000,00521000003HEFmAAO,2019-11-16T23:51:42.000+0000,00521000003HEFmAAO,2019-11-16T23:51:43.000+0000,,,,2019-11-16T23:51:43.000+0000,2019-11-16T23:51:43.000+0000,,,,/services/images/photo/0032100000mcVAEAA2,,,Pending,,lilia.haer
0032100000mcVAFAA2,,,0012100000lErCoAAK,Dalee,Justina,,Justina Dalee,84 Ocean Drive,Forest Home,AL,36030,USA,,,,"{""city"":""Forest Home"",""country"":""USA"",""geocodeAccuracy"":null,""latitude"":null,""longitude"":null,""postalCode"":""36030"",""state"":""AL"",""street"":""84 Ocean Drive""}",84 Ocean Drive,Forest Home,AL,36030,USA,,,,"{""city"":""Forest Home"",""country"":""USA"",""geocodeAccuracy"":null,""latitude"":null,""longitude"":null,""postalCode"":""36030"",""state"":""AL"",""street"":""84 Ocean Drive""}",(555) 913-3390,,(555) 198-2814,(555) 762-9671,,,,justina.dalee@example.com,,,,Phone Inquiry,1940-01-13,,00521000003HEFmAAO,2019-11-16T23:51:42.000+0000,00521000003HEFmAAO,2019-11-16T23:51:42.000+0000,00521000003HEFmAAO,2019-11-16T23:51:43.000+0000,,,,2019-11-16T23:51:43.000+0000,2019-11-16T23:51:43.000+0000,,,,/services/images/photo/0032100000mcVAFAA2,,,Pending,,justina.dalee
0032100000mcVAGAA2,,,0012100000lErCpAAK,Descoteaux,Kirsten,,Kirsten Descoteaux,400 Grant Ave,Duquesne,PA,15110,USA,,,,"{""city"":""Duquesne"",""country"":""USA"",""geocodeAccuracy"":null,""latitude"":null,""longitude"":null,""postalCode"":""15110"",""state"":""PA"",""street"":""400 Grant Ave""}",400 Grant Ave,Duquesne,PA,15110,USA,,,,"{""city"":""Duquesne"",""country"":""USA"",""geocodeAccuracy"":null,""latitude"":null,""longitude"":null,""postalCode"":""15110"",""state"":""PA"",""street"":""400 Grant Ave""}",(555) 502-9461,,(555) 707-6441,(555) 862-5287,,,,kirsten.descoteaux@example.com,,,,Other,1982-12-03,,00521000003HEFmAAO,2019-11-16T23:51:42.000+0000,00521000003HEFmAAO,2019-11-16T23:51:42.000+0000,00521000003HEFmAAO,2019-11-16T23:51:43.000+0000,,,,2019-11-16T23:51:43.000+0000,2019-11-16T23:51:43.000+0000,,,,/services/images/photo/0032100000mcVAGAA2,,,Pending,,kirsten.descoteaux
